<?xml version="1.0" encoding="UTF-8"?>
<faces-config xmlns="http://xmlns.jcp.org/xml/ns/javaee"
      xmlns:xsi="http://www.w3.org/2001/XMLSchema-instance"
      xsi:schemaLocation="http://xmlns.jcp.org/xml/ns/javaee http://xmlns.jcp.org/xml/ns/javaee/web-facesconfig_2_2.xsd"
      version="2.2">
    <application>
        <!--
        <message-bundle>
            uk.co.xenonique.digital.JSFVMessages
        </message-bundle>
        <resource-bundle>
            <base-name>uk.co.xenonique.digital.messages</base-name>
            <var>msg</var>
        </resource-bundle>
        -->
    </application>
</faces-config>