<?xml version="1.0" encoding="UTF-8"?>
<faces-config version="2.2" xmlns="http://xmlns.jcp.org/xml/ns/javaee"
              xmlns:xsi="http://www.w3.org/2001/XMLSchema-instance"
              xsi:schemaLocation="
              http://xmlns.jcp.org/xml/ns/javaee
              http://xmlns.jcp.org/xml/ns/javaee/web-facesconfig_2_2.xsd">

    <flow-definition id="sector-flow">

        <flow-return id="goHome">
            <from-outcome>/index</from-outcome>
        </flow-return>
        <flow-return id="endFlow">
            <from-outcome>#{sectorFlow.gotoEndFlow()}</from-outcome>
        </flow-return>

        <flow-call id="callFootprintFlow">
            <flow-reference>
                <flow-id>footprint-flow</flow-id>
            </flow-reference>
            <outbound-parameter>
                <name>param1FromSectorFlow</name>
                <value>param1 sectorFlow value</value>
            </outbound-parameter>
            <outbound-parameter>
                <name>param2FromSectorFlow</name>
                <value>param2 sectorFlow value</value>
            </outbound-parameter>
            <outbound-parameter>
                <name>param3FromSectorFlow</name>
                <value>#{sectorFlow.footprint}</value>
            </outbound-parameter>
            <outbound-parameter>
                <name>param4FromSectorFlow</name>
                <value>#{sectorFlow.footprint.applicationId}</value>
            </outbound-parameter>
        </flow-call>
    </flow-definition>
</faces-config>
